<?xml version="1.0" encoding="UTF-8" standalone="no"?>
<!--
@<COPYRIGHT>@
==================================================
Copyright 2014.
Siemens Product Lifecycle Management Software Inc.
All Rights Reserved.
==================================================
@<COPYRIGHT>@
--><ProjectInfo>
    <NameValue key="isAutoGeneratedDescriptions" value="true"/>
    <NameValue key="SoaExternalBuild.CPPClientOn.aix" value="true"/>
    <NameValue key="SoaExternalBuild.JavaLooseClientOn.solaris" value="true"/>
    <NameValue key="SoaExternalBuild.RacClientDependJars" value="D:\Siemens\Teamcenter11\portal\plugins"/>
    <NameValue key="Codegen.GeneratedDir" value="output\generated"/>
    <NameValue key="SoaExternalBuild.RacClientOn.linux" value="false"/>
    <NameValue key="ExternalBuild.CompilerFlags.aix" value="-c -qcpluscmt -qrtti -qmaxmem=-1 -qalign=natural -qalias=noansi -qchars=signed -qtbtable=full -q64 -DSTEP -DAP203 -DAP214 -qnamemangling=v8 -D_XOPEN_SOURCE=500 -DPOSIX -DUNX -DAIX -DNO_DOT_H "/>
    <NameValue key="ExternalBuild.BasePath.solaris" value=""/>
    <NameValue key="SoaExternalBuild.RacClientOn.win64" value="true"/>
    <NameValue key="SoaExternalBuild.WSDLClientOn" value="false"/>
    <NameValue key="ProjectBackup.LocalFileSystem.EnableBackup" value="true"/>
    <NameValue key="Codegen.internal.project" value="false"/>
    <NameValue key="ExternalBuild.CompileCommand.linux" value="/usr/bin/g++"/>
    <NameValue key="ProjectBackup.LocalFileSystem.BackupReminder" value="10"/>
    <NameValue key="SoaExternalBuild.JavaLooseClientOn.linux" value="true"/>
    <NameValue key="SoaExternalBuild.CPPManagedClientOn.solaris" value="false"/>
    <NameValue key="SoaExternalBuild.RacClientDependJars.win64" value="D:\Siemens\Teamcenter11\portal\plugins"/>
    <NameValue key="ExternalBuild.CompilerFlags.linux" value="-c -fPIC -m64 -DSTEP -DAP203 -DAP214 -D_XOPEN_SOURCE=600 -DPOSIX -DNO_DOT_H -fmessage-length=0 -Wformat=2 -Wmissing-format-attribute"/>
    <NameValue key="ExternalBuild.LinkCommand.linux" value="/usr/bin/g++"/>
    <NameValue key="ExternalBuild.BasePath.linux" value=""/>
    <NameValue key="SoaExternalBuild.JavaLooseClientOn.win64" value="true"/>
    <NameValue key="ExternalBuild.Create.Make.aix" value="false"/>
    <NameValue key="SoaExternalBuild.SoaClientKitLocation.solaris" value=""/>
    <NameValue key="ExternalBuild.LinkerFlags.aix" value="-qmkshrobj=0 -brtl -bnolibpath -bbigtoc -bh:5 -bnoentry -qpriority=1 -q64"/>
    <NameValue key="ProjectBackup.LocalFileSystem.LastBkpTime" value="2019_10_29_11-39-44"/>
    <NameValue key="ExternalBuild.Create.Make.solaris" value="false"/>
    <NameValue key="SoaExternalBuild.BundleLabel" value="V11000.2.0.71_20190703.00"/>
    <NameValue key="ExternalBuild.CompileCommand.win64" value="cl"/>
    <NameValue key="Codegen.SrcDir" value="src\server"/>
    <NameValue key="Codegen.Folder.toggle" value="false"/>
    <NameValue key="SoaExternalBuild.SoaClientKitLocation.aix" value=""/>
    <NameValue key="Codegen.generate.impl.skeletons" value="true"/>
    <NameValue key="ExternalBuild.BasePath.win64" value="D:/Siemens/Teamcenter11/bmide/workspace/11000.2.0/d9st"/>
    <NameValue key="SoaExternalBuild.RacClientDependJars.linux" value=""/>
    <NameValue key="ExternalBuild.Templates.Home.aix" value=""/>
    <NameValue key="Codegen.Namespace" value="d9st"/>
    <NameValue key="ExternalBuild.BasePath.aix" value=""/>
    <NameValue key="ExternalBuild.CompileCommand.solaris" value="/opt/solarisstudio12.3/bin/CC"/>
    <NameValue key="SoaExternalBuild.CPPManagedClientOn" value="false"/>
    <NameValue key="SoaExternalBuild.WSDLClientOn.aix" value="false"/>
    <NameValue key="SoaExternalBuild.SoaClientKitLocation" value="D:\Siemens\Teamcenter11\soa_client"/>
    <NameValue key="ExternalBuild.Templates.Home.solaris" value=""/>
    <NameValue key="ExternalBuild.TcRoot.solaris" value=""/>
    <NameValue key="SoaExternalBuild.RacClientOn" value="false"/>
    <NameValue key="SoaExternalBuild.SoaClientKitLocation.win64" value="D:\Siemens\Teamcenter11\soa_client"/>
    <NameValue key="ExternalBuild.LinkerFlags.linux" value="-shared"/>
    <NameValue key="SoaExternalBuild.JavaStrongClientOn.linux" value="true"/>
    <NameValue key="ExternalBuild.TCInstallation" value="D:\Siemens\Teamcenter11"/>
    <NameValue key="SoaExternalBuild.JavaStrongClientOn.win64" value="true"/>
    <NameValue key="SoaExternalBuild.SoaClientKitLocation.linux" value=""/>
    <NameValue key="Codegen.Deprecation.NumberOfReleases" value="1"/>
    <NameValue key="SoaExternalBuild.JavaLooseClientOn" value="true"/>
    <NameValue key="SoaExternalBuild.NETWebtierFeatureUuid" value="5ca9dae995b04b7a936edc34f3f74601"/>
    <NameValue key="ExternalBuild.Templates.Home.linux" value=""/>
    <NameValue key="ExternalBuild.CompilerFlags.solaris" value="-c -KPIC -mt -m64 -DSTEP -DAP203 -DAP214 -D_XOPEN_SOURCE=500 -DPOSIX -DUNX -DSUN -D_SOLARIS_SOURCE -DNO_DOT_H "/>
    <NameValue key="ExternalBuild.Templates.Home.win64" value="D:\Siemens\Teamcenter11\bmide\templates"/>
    <NameValue key="SoaExternalBuild.WSDLClientOn.solaris" value="false"/>
    <NameValue key="ProjectBackup.Database.TEMDeploy" value="true"/>
    <NameValue key="ExternalBuild.Create.Make.linux" value="false"/>
    <NameValue key="SoaExternalBuild.CPPManagedClientOn.win64" value="true"/>
    <NameValue key="ExternalBuild.Create.Make.win64" value="true"/>
    <NameValue key="ExternalBuild.TcRoot.win64" value="D:\Siemens\Teamcenter11"/>
    <NameValue key="ExternalBuild.LinkCommand.aix" value="/usr/vacpp/bin/xlC_r"/>
    <NameValue key="SoaExternalBuild.CPPManagedClientOn.aix" value="false"/>
    <NameValue key="SoaExternalBuild.NETMSBUILDLocation" value="C:\Windows\Microsoft.NET\Framework64\v4.0.30319"/>
    <NameValue key="ExternalBuild.TcRoot.aix" value=""/>
    <NameValue key="ProjectBackup.Database.LiveDeploy" value="true"/>
    <NameValue key="SoaExternalBuild.WSDLClientOn.linux" value="false"/>
    <NameValue key="SoaExternalBuild.JavaStrongClientOn.solaris" value="true"/>
    <NameValue key="SoaExternalBuild.JavaStrongClientOn" value="true"/>
    <NameValue key="SoaExternalBuild.JavaStrongClientOn.aix" value="true"/>
    <NameValue key="SoaExternalBuild.NETClientOn" value="false"/>
    <NameValue key="SoaExternalBuild.JavaLooseClientOn.aix" value="true"/>
    <NameValue key="Codegen.Deprecation.policy" value="true"/>
    <NameValue key="SoaExternalBuild.CPPClientOn.linux" value="true"/>
    <NameValue key="SoaExternalBuild.NETMSBUILDLocation.win64" value="C:\Windows\Microsoft.NET\Framework64\v4.0.30319"/>
    <NameValue key="NoKey" value="true"/>
    <NameValue key="ExternalBuild.CompileHome" value="C:\PROGRA~2\MICROS~1.0\VC\bin\amd64"/>
    <NameValue key="ExternalBuild.LinkCommand.solaris" value="/opt/solarisstudio12.3/bin/CC"/>
    <NameValue key="ExternalBuild.LinkerFlags.solaris" value="-G -m64"/>
    <NameValue key="Windows.Platform.OS" value="Win64-bit"/>
    <NameValue key="ExternalBuild.LinkCommand.win64" value="link"/>
    <NameValue key="ProjectBackup.Database.EnableBackup" value="true"/>
    <NameValue key="SoaExternalBuild.CPPManagedClientOn.linux" value="false"/>
    <NameValue key="SoaExternalBuild.BundleVersion" value="11000.2.0"/>
    <NameValue key="SoaExternalBuild.WSDLClientOn.win64" value="false"/>
    <NameValue key="ProjectBackup.Common.IncludeOutputFldr" value="false"/>
    <NameValue key="SoaExternalBuild.CPPClientOn" value="true"/>
    <NameValue key="ExternalBuild.Compiler.Home.win64" value="C:\PROGRA~2\MICROS~1.0\VC\bin\amd64"/>
    <NameValue key="ExternalBuild.TcRoot.linux" value=""/>
    <NameValue key="SoaExternalBuild.NETClientOn.win64" value="false"/>
    <NameValue key="Codegen.async.project" value="false"/>
    <NameValue key="ExternalBuild.CompilerFlags.win64" value="-MD -c -nologo -EHsc -FI %TC_ROOT%/include/msvcpragmas.h -DSTEP -DAP203 -DAP214 -DWIN32_LEAN_AND_MEAN -DWNT -D_CRT_SECURE_NO_DEPRECATE -D_CRT_NONSTDC_NO_DEPRECATE -DWNT -D_WIN32 -DWIN32 -D_WIN64 -D_INTEL=1 -DCRTAPI1=_cdecl -DCRTAPI2=cdecl -DNO_DOT_H -W3"/>
    <NameValue key="ExternalBuild.CompileCommand.aix" value="/usr/vacpp/bin/xlC_r"/>
    <NameValue key="SoaExternalBuild.CPPClientOn.solaris" value="true"/>
    <NameValue key="ExternalBuild.LinkerFlags.win64" value="-dll -debug -nologo -nodefaultlib -incremental:no -subsystem:console -dynamicbase -nxcompat"/>
    <NameValue key="Codegen.Copyright" value="Copyright $CURRENT_YEAR.&#10;Siemens Product Lifecycle Management Software Inc.&#10;All Rights Reserved."/>
    <NameValue key="SoaExternalBuild.CPPClientOn.win64" value="true"/>
    <NameValue key="Codegen.exteranl.project" value="true"/>
</ProjectInfo>
